program,Speedup
FFT,0.9954920180658433
LU,0.8317784969739207
MonteCarlo,0.9978908033773415
SOR,0.9981212360926812
SparseCompRow,0.9595835652116073
